feature_1,feature_2,feature_3,feature_4,feature_5,label_A,label_B,label_C
54.96714153011233,36.99677718293001,40.71064891256276,0,92.55361894124154,0,1,0
48.61735698828815,34.62316841456384,6.600984414024158,0,108.74626374077921,0,1,0
56.47688538100692,30.29815184960087,34.88205339694793,1,103.70351073659828,1,0,1
65.23029856408026,26.76531611147213,11.099809879131485,1,108.50889728368344,1,0,1
47.658466252766644,33.49111656806795,80.82352100092221,1,104.44579711601708,1,1,1
47.6586304305082,31.967426927108747,94.76880259644707,1,125.57731626626787,1,1,1
65.79212815507391,34.47596610013866,7.231647525793861,0,80.95367238522405,1,1,0
57.67434729152909,33.175859008409844,95.51152072917014,1,86.46009723082938,1,1,1
45.30525614065048,35.247763576596675,52.25765993367452,1,84.54681109458352,0,1,1
55.42560043585965,27.32382394219716,29.95656779538739,1,116.60383623725221,1,0,1
45.365823071875376,36.58697032817163,7.686207527616351,1,118.00797176790127,0,1,1
45.34270246429743,30.987998023461998,50.06242680704178,1,109.02450638637016,0,0,1
52.41962271566034,40.37630436312632,79.45155444907486,1,123.66987333779855,1,1,1
30.86719755342202,26.55406090955216,70.70864772666981,1,76.43918265247238,1,0,1
32.75082167486967,38.67981901582625,5.022601146397376,0,133.34448223102274,0,1,1
44.37712470759027,30.989553917313238,7.290183536790352,1,130.46477243424516,0,1,1
39.87168879665576,26.74290998192776,40.28732826326371,1,114.71243994491493,0,0,1
53.142473325952736,27.58057082972839,29.52904940479433,1,135.6359781754212,0,1,1
40.91975924478789,28.3982634590284,23.238432305604782,1,66.86753584644453,0,0,1
35.87696298664709,32.12082973200958,28.10044989087136,0,89.51103727474697,0,1,1
64.65648768921554,32.6141774401775,80.34827432968846,0,85.29393078636096,1,1,0
47.74223699513465,27.131499980307105,92.92280536318539,0,114.42958647514686,1,0,0
50.67528204687924,29.878227038695087,40.510269452756646,0,78.99718520795709,0,0,0
35.75251813786544,40.71135179305932,90.61110021324971,0,115.14990298674971,1,1,1
44.556172754748175,38.637715850503554,32.1495701247882,0,127.41072287993427,0,1,1
51.10922589709866,32.18161834837016,47.64369863437916,1,113.90405800167999,0,1,1
38.490064225776976,30.190017390841,22.602899781599973,0,105.67502047323002,0,0,1
53.75698018345672,30.600156633591308,64.0476042175844,0,80.24253318198501,0,0,0
43.99361310081195,33.06758986365208,97.89811151748088,1,83.0629806774927,1,1,1
47.083062502067236,24.886037174007974,60.34930960433786,0,124.99237810593334,0,1,0
43.98293387770603,28.713117312883274,35.78140841135489,1,115.58698007810665,0,0,1
68.52278184508938,21.657079630612053,64.78174459905284,1,99.21960961244912,1,0,1
49.86502775262066,31.996115613026397,12.292067846538757,0,91.6418090846822,0,0,0
39.422890710440996,33.2359796985137,88.86590802653987,1,59.48384253777246,1,1,1
58.225449121031886,27.58406768850313,50.30839507798363,0,78.58295162631123,1,0,0
37.791563500289776,37.869933816450164,44.93497420396421,0,138.22838174279445,0,1,1
52.08863595004755,23.871171684988294,58.58647884535192,1,74.39088857995067,0,0,1
30.403298761202244,22.6781255989509,62.47838627894025,1,103.78959642442162,0,0,1
36.71813951101569,31.12225909279986,7.177580622651303,0,120.14887946390397,0,1,1
51.96861235869123,35.23549151306077,68.26172212234025,1,74.90154663995415,0,1,1
57.38466579995411,38.419638457289345,24.193168031552958,1,103.69420949562166,1,1,1
51.7136828118997,27.7055786856553,71.39526325065899,0,118.7583107502131,1,0,0
48.843517176117594,35.393404167156476,82.25347943841967,0,100.249986438145,1,1,0
46.98896304410711,29.807457652496463,80.39585075525203,1,157.36806111333536,1,1,1
35.214780096325725,29.136863500295902,55.25009674078891,0,66.62801482243609,0,0,1
42.801557916052914,34.41829968743336,52.016989231075115,0,121.17457059767759,0,1,1
45.393612290402125,33.261614392067095,14.287596133941172,0,96.5439652520707,0,1,0
60.57122226218915,22.118039215078753,77.53461504031355,0,115.43840309673351,1,0,0
53.43618289568462,37.38270174862948,27.140938044671437,0,108.82614303398492,0,1,0
32.36959844637266,36.90045677073726,49.669542281794655,0,85.33687605780007,0,1,1
53.24083969394795,26.872186492452354,28.42740929275167,0,104.5799278491868,0,0,0
46.149177195836835,31.979017667187044,13.382836299969314,1,62.841970972034254,0,0,1
43.23077999694041,32.47015093141369,62.95576968917366,0,112.06495001142787,0,1,1
56.11676288840868,31.303368829119535,5.4332034822903825,1,105.96316931981052,1,0,1
60.30999522495951,27.2484742307729,74.86452341262,1,112.77320337286204,1,0,1
59.31280119116199,26.641883160309742,31.758679526111667,1,121.16236650174301,1,1,1
41.607824767773614,29.872229645042772,0.013469300448532007,0,107.35239680419421,0,0,1
46.907876241487855,35.86364509629682,51.11291392372298,0,102.96178839596553,0,1,0
53.31263431403564,32.71800077297216,4.6851908527603126,1,82.37863326677416,0,1,1
59.75545127122359,28.14692833956947,27.616955782089946,0,85.75558472701898,1,0,0
45.2082576215471,33.85849355324172,70.69764874557161,1,123.73469240354662,1,1,1
48.14341023336183,15.757286896849623,6.268962162186586,0,128.72670811411956,0,1,0
38.93665025993972,35.74382850186052,83.93384923560023,0,95.23779127375892,1,1,1
38.037933759193294,21.301431106109504,0.3819922658583108,1,100.92005494506549,0,0,1
58.125258223941984,28.18779529298434,24.682386920190226,1,81.90771250012467,1,0,1
63.56240028570823,24.401650526869282,74.09040561520715,1,123.4551369053489,1,1,1
49.27989878419666,23.526592621395473,31.627014972930677,0,113.30833647383557,0,0,0
60.03532897892024,35.8041339368926,10.189238806601352,1,138.824348729275,1,1,1
53.61636025047634,27.661493993440544,36.02339188004279,0,82.43353845640522,0,0,0
43.54880245394876,31.73251940865358,27.039328638452552,0,92.43984201963566,0,0,1
53.61395605508414,29.76539710560408,84.27119021605549,0,104.62891845051145,1,0,0
65.38036566465969,32.385204136115604,31.334791758514314,1,112.92979075451541,1,1,1
49.64173960890049,30.384109455301278,78.89324717760073,1,95.68664724904735,1,0,1
65.64643655814007,23.58503887905715,89.18721448107347,1,82.54077819092599,1,0,1
23.802548959102555,34.9813340972357,43.381741957652956,0,117.62815057847142,0,1,1
58.21902504375224,27.531217084193436,90.9943143854392,0,114.42270725091163,1,0,0
50.870470682381715,22.217090506701247,37.73180539631929,1,81.6745179887255,0,0,1
47.009926495341325,27.859424195170437,96.40784164901082,0,127.10885602210992,1,1,0
50.91760776535502,37.503798953171554,8.928952452557294,0,123.40397418393208,0,1,0
30.124310853991073,34.251108710567465,68.70192665032427,1,102.68592994495586,0,1,1
47.80328112162488,28.256739327960705,49.38140404569287,1,101.59195724752072,0,0,1
53.57112571511746,28.253711478407855,38.76488054556471,1,111.08115542231815,0,0,1
64.77894044741517,28.391824743913087,63.27118787486009,0,82.76593859487484,1,0,0
44.81729781726352,40.383739917804206,70.38570916343312,0,100.60062958328164,1,1,1
41.91506397106812,31.909677261157768,0.43632696503090873,0,56.9523291078164,0,0,1
44.982429564154636,32.15020823595535,16.69530887471987,0,117.52911291005871,0,1,1
59.15402117702074,35.151417270159214,71.30460506343186,0,68.77013555116281,1,1,0
53.287511096596845,31.193945795132567,66.63854135782064,1,130.06839656857997,0,1,1
44.70239796232961,28.704789270896484,96.60475051286772,0,93.39759812067099,1,0,1
55.13267433113356,29.01825075457511,76.1037790250783,0,95.76666036137647,1,0,0
50.9707754934804,29.641993702929682,95.0772707731338,0,87.44532187830988,1,0,0
59.68644990532889,29.813888817450792,70.25405015348069,1,94.23922252155847,1,0,1
42.979469061226474,33.6381477181849,29.805220863944314,1,128.37062690296074,0,1,1
46.723378534022316,30.259729429036497,10.536492225085647,1,50.24382686929841,0,0,1
46.078918468678424,33.6632003860779,78.18238633449356,0,125.53930772176375,1,1,0
35.364850518678814,29.59641709945709,64.4149221475916,1,106.76046962203417,0,0,1
52.96120277064576,30.393175951580453,4.818601239329623,1,75.85956704285569,0,0,1
52.610552721798896,20.00899657733946,36.005046590097834,1,78.49375213901524,0,0,1
50.05113456642461,34.581638373512405,95.67998154842861,0,133.52786054416407,1,1,0
47.65412866624853,31.732442379489964,50.04011457102012,1,81.08986240114538,0,0,1
35.84629257949586,34.99005054929826,43.272913601970465,0,76.93298978808082,0,1,1
45.79354677234641,15.518723109031553,45.7699605159294,0,122.74629084729459,0,1,0
46.572854834732304,40.44187352390364,20.88827240051637,1,106.77105752571829,0,1,1
41.97722730778381,29.302051859224132,36.87071708647952,0,81.24148846927203,0,0,1
48.387142883339905,35.54091408368758,36.98132559871766,1,104.33249950809238,0,1,1
54.040508568145384,24.800470364372345,5.2355020187472405,0,79.48494632719445,0,0,0
68.8618590121053,33.063869525312846,76.75676285179182,1,122.0164279684521,1,1,1
51.74577812831839,24.73292218413172,41.6504431903879,1,121.22741929746267,0,1,1
52.57550390722764,26.881155196520975,82.21798868164232,1,110.64012397643886,1,0,1
49.25554084233833,39.570156769333934,85.03480011198954,0,107.23322122494034,1,1,0
30.812287847009586,29.046587996183266,21.199405469865805,1,135.22376249734748,0,1,1
49.73486124550783,31.087164365898616,65.73534821701286,0,99.99372654776451,0,0,0
50.60230209941027,34.35033865344377,47.22818041629817,1,76.36251749158397,0,1,1
74.63242112485287,32.47840943986302,88.0156737921485,0,108.98947825664614,1,1,0
48.076390352188774,30.752094525717883,21.57406791764541,0,141.7209409907423,0,1,0
53.015473423336125,31.824805012331126,67.78132003100443,1,79.70481013628296,0,0,1
49.65288230294757,42.01707792619138,60.775212225272256,1,92.77074466612028,0,1,1
38.31321962380468,29.711906014832074,29.53014775718328,1,108.32892076202906,0,0,1
61.42822814515021,31.005495233574837,13.660090365117261,1,98.92190301988522,1,0,1
57.519330326867745,35.25327198003806,65.16397604772766,1,80.35392839245371,1,1,1
57.910319470430466,35.52762966478992,73.85974581323308,0,122.43715712460941,1,1,0
40.906125452052606,35.9351515278019,31.562734376335,1,146.4008144403452,0,1,1
64.02794310936099,33.19365111014592,64.48326040223138,1,103.92262918047814,1,1,1
35.98148937207719,24.284975436347583,39.51309076115032,0,81.91863420528,0,0,1
55.868570938002705,38.16715766150548,71.32068832826177,1,69.0207894989305,1,1,1
71.90455625809979,24.26827303490656,19.92152748940531,1,105.15951962442362,1,0,1
40.09463674869312,31.513177326195166,89.02150026361744,0,122.07754686632515,1,1,1
44.33702270397228,26.22862074990321,28.74095964655797,1,109.50335492990763,0,0,1
50.99651365087641,29.679308267035037,36.77859877561529,1,99.95192318162292,0,0,1
44.96524345883801,31.6438120515174,5.8091952080349785,1,88.21456696421387,0,0,1
34.493365689338674,31.606786077251364,11.15122123212764,0,78.1567273456382,0,0,1
50.68562974806027,32.109603771176424,51.58619027123281,1,116.69502652649764,0,1,1
39.37696286273895,38.06855634529323,26.75926767279715,0,118.2754324277117,0,1,1
54.73592430635182,32.2676715075699,83.54802257421944,1,69.08540426618534,1,1,1
40.80575765766197,28.779216823546758,1.4693388654953843,0,131.79677956361368,0,1,1
65.4993440501754,34.820435841441785,37.90940486719362,1,111.48142441788002,1,1,1
42.16746707663763,35.947352444623206,33.73455467690927,0,127.99189290291586,0,1,1
46.77938483794324,23.86196092431504,1.9327630917601035,0,73.1574450302977,0,0,0
58.135172173696695,32.98700034924929,12.436839900051023,0,72.68351689169123,1,1,0
37.69135683566045,33.50586371155449,41.36426749186353,0,97.02061380465406,0,1,1
52.27459934604129,28.51218248320004,49.28645844474466,0,110.05568853790388,0,0,0
63.07142754282428,36.878534066558096,40.42897472548691,0,135.92721645853928,1,1,0
33.92516765438772,29.249722064837368,53.093767841209385,1,114.12157827630263,0,0,1
51.84633858532304,30.627882267357712,59.51316749056815,1,95.14637446375933,0,0,1
52.598827942484235,29.13464087858065,0.992382112783563,0,79.47261584668216,0,0,0
57.8182287177731,30.077895237907338,46.409515945350385,0,124.60001145438301,1,1,0
37.63049289121918,24.518624565523993,96.34992408875883,0,80.7058914849857,1,0,1
36.795433869157236,22.79974558702853,51.90322801295487,0,132.56937109544643,0,1,1
55.21941565616898,37.97252531612486,67.75422674589532,1,94.31230700786982,1,1,1
52.96984673233186,25.76519325840836,31.18638579168832,0,131.811641452357,0,1,0
52.504928503458764,25.043038252718464,77.39913781527625,1,113.57862580118557,1,0,1
53.46448209496975,19.233049431981428,77.2921481876115,1,97.26009021115084,1,0,1
43.19975278421509,26.805191261552487,52.129604765413895,0,89.61207256347747,0,0,1
52.322536971610035,23.38455103296251,97.60138232792136,0,93.1818424530784,1,0,0
52.93072473298681,38.21007580068185,12.555021476265338,1,108.56633384750475,0,1,1
42.85648581973632,35.04908544671317,1.6947664889580993,1,101.54312992435433,0,1,1
68.65774511144757,26.559248274111383,77.0158211757096,0,88.1237718386259,1,0,0
54.73832920911788,41.26217902672154,80.71555373648826,0,96.68737179364736,1,1,0
38.08696502797351,34.90882743495797,12.020722912057625,0,101.571540594383,0,1,1
56.5655360863383,28.37584308245689,26.55828329586061,1,57.42531811170376,1,0,1
40.253183297726785,17.502971425632133,1.755236336662891,1,109.16336229577398,0,0,1
57.87084603742452,41.45471286295371,29.33086107805647,0,80.40557550566386,1,1,0
61.58595579007404,23.05213766618202,77.31418739186715,1,76.9333519358851,1,0,1
41.7931768164829,21.773006265215542,51.79605277125789,1,66.2531130577858,0,0,1
59.63376129244322,35.1128521600482,34.80955931682881,0,64.1221500426422,1,1,0
54.12780926936498,42.19876203169636,37.17392949063303,0,72.89104993775422,0,1,0
58.2206015999449,36.921364092552594,0.1353625715468154,1,85.8195808473902,1,1,1
68.96792982653947,32.8195456002618,29.98005275652359,1,139.06518275053136,1,1,1
47.54611883997129,32.97377170832643,64.64587416379305,0,89.48240648209593,0,1,0
42.4626383564251,34.267077793901535,97.41944438163571,0,103.55500212536063,1,1,1
41.10485570374477,33.79464294893383,84.70608269838995,0,108.00962773012657,1,1,1
41.841897150345616,31.405957119846878,2.3594964645529126,0,102.62130372431697,0,0,1
49.228982905858956,30.52100551975938,89.85606046748393,0,98.45113078548013,1,0,0
53.41151974816644,29.687034360502388,78.3198413298626,1,76.0941247280151,1,0,1
52.766907993300194,26.23017705566662,78.03761235709804,1,129.01855096558424,1,1,1
58.27183249036024,28.59662461566613,45.79957590035715,1,136.14393287275772,1,1,1
50.13001891877907,21.535215929023074,39.80052929545028,1,66.34682611754629,0,0,1
64.53534077157317,29.50830186602625,30.29157288331926,0,79.5194281822724,1,0,0
47.35343166762044,25.057044464245415,6.569485895436578,0,94.40379315245988,0,0,0
77.20169166589619,24.482053413921143,22.82353634936991,0,80.70924410179617,1,0,0
56.25667347765006,30.899470755767393,24.66036349780246,1,110.1193110691173,1,0,1
41.42842443583717,36.960011431723,48.40770697102016,1,85.43455595186774,0,1,1
39.29107501938888,34.59158303001156,74.7444406596694,1,143.30112135613206,1,1,1
54.824724152431855,22.147496981884114,47.38098283979466,0,123.81097188687193,0,1,0
47.76537214674149,25.051859317148313,5.784444944716061,1,104.2514806126443,0,0,1
57.14000494092092,34.70385593994108,95.77898009882038,0,120.53972526639464,1,1,0
54.73237624573545,25.087563032308452,94.27243190941122,0,122.11800848714617,1,1,0
49.271710873431275,28.876834250014877,78.51895431484084,0,88.72105023883513,1,0,0
41.532062819315954,32.75026049512276,99.13279015642206,0,83.6756551091607,1,1,1
34.851527753141355,25.158277725681824,54.448233280026294,0,101.56286125939295,0,0,1
45.53485047932979,30.5268775307298,96.27683502532061,0,117.23272248995889,1,0,0
58.56398794323472,23.329872525408977,7.560504061675077,1,102.78120797306835,1,0,1
52.14093744130204,26.99316178024393,36.568074826137135,0,68.46007035618005,0,0,0
37.542612212880115,31.598909670712686,22.538126800676583,0,83.94351112098315,0,0,1
51.73180925851182,22.035031332341653,19.583308413427,1,98.52054272811245,0,0,1
53.85317379728837,32.202373689801995,14.08029488926761,0,98.4866879134834,0,1,0
41.16142563798867,29.901811005366593,62.241364156599666,1,139.45084353579617,0,1,1
51.53725105945528,32.76244977208574,78.1321855747305,1,72.28024115202004,1,1,1
50.58208718446,31.119570670323306,57.82983994203607,1,110.11178483671749,0,0,1
38.57029702169377,36.82070214986922,14.696270958820968,0,129.7822621665658,0,1,1
53.577873603482836,30.626122513239537,81.11237699334708,0,145.42899490845593,1,1,0
55.60784526368234,27.852972294373735,63.59547071637285,1,91.91205153632077,1,0,1
60.830512431752766,30.611487515161418,38.81657061269955,0,109.82858905440399,1,0,0
60.53802052034903,32.716490145181936,67.4130295536063,0,111.39520714397294,1,1,0
36.22330632042909,30.24430035162852,25.990497924283286,1,103.90963463106581,0,0,1
40.62174960084877,30.202958456019413,34.51922084942105,1,98.02309597521388,0,0,1
55.1503526720866,26.490041560966223,91.74858431319902,0,108.71950779000092,1,0,0
55.13785950912209,26.68549541224526,29.05045056714204,1,49.35507829560629,1,0,1
55.150476863060476,22.986973641001534,46.99882681579366,1,113.64138980125263,1,0,1
88.52731490654722,38.7478837159347,89.01411373960147,1,102.52355807323934,1,1,1
55.70890510693167,23.780683823043574,70.77213502675275,0,95.5505020644347,1,0,0
61.35565640180599,26.53547401102046,6.220322616470275,0,140.93724391439116,1,1,0
59.54001763493203,26.40796367215401,14.730304427897034,0,86.50131962418895,1,0,0
56.51391251305798,34.474621884722204,0.7841590771916818,1,91.93848021869938,1,1,1
46.84730755359654,28.52525160853986,63.09217902291634,0,139.83106604409468,0,1,0
57.589692204932675,36.23871036336867,44.767342541041835,1,83.35877390300287,1,1,1
42.27174785462428,26.63254687878066,13.427485090227552,0,88.99769434126922,0,0,1
47.63181393259991,31.39497081111901,95.79341210567705,0,97.059491531383,1,0,0
45.14636452170897,25.823264733701215,52.96597239456199,1,116.81468964259099,0,0,1
50.81874139386323,40.72574563886694,24.189329411288917,0,104.15605014706627,0,1,0
73.14658566673509,24.062007904852436,50.06035711547076,1,74.14749305695474,1,0,1
31.32734807408252,31.549103551135136,67.96203327351078,0,89.3566287374562,0,0,1
56.86260190374514,33.168884404660496,7.623921797356448,0,87.85291133575578,1,1,0
33.87284128810349,32.06899548725749,27.4703815047892,1,98.4555790955391,0,1,1
45.280681342105666,29.073561705611457,80.69654908839937,1,108.51687317259658,1,0,1
60.889505969673664,29.35089650133287,45.966487040266124,1,108.36411511775944,1,0,1
50.64280019095463,30.219057359895547,54.65771420322949,0,64.47976491903196,0,0,0
39.22255222070694,29.264989991857558,43.28160022094693,0,121.27881975121713,0,1,1
42.84696290740032,34.81939558397455,4.389994264300512,0,105.05137691993247,0,1,1
56.79597748934676,41.05261500795676,16.574977982015593,1,127.69064095187812,1,1,1
42.69633368282864,27.212541074960832,44.554163874189086,1,108.88396654581344,0,0,1
52.16458589581975,23.150985102104613,20.918546540792782,1,122.02645915471524,0,1,1
50.45571839903814,29.558589758243727,4.997902865967873,0,109.33090622900254,0,0,0
43.483996523941826,42.898546688271594,84.36496640518237,0,126.92451512405496,1,1,1
71.43944089325325,25.981627160151348,98.11925291641158,1,110.44501272035558,1,0,1
56.33919022318011,38.195584027220335,79.31428739967394,0,98.04169507114192,1,1,0
29.74857413342393,38.388504070382204,85.3784921704667,1,145.44869440893763,1,1,1
51.86454314769428,27.232058791460027,24.197713031704538,0,117.78074244559784,0,0,0
43.38213535231612,32.84491539592638,96.06269755131997,0,111.47488842008826,1,1,1
58.52433334796224,38.14198311564269,19.692570445342838,1,74.47391166923327,1,1,1
42.07479261567299,28.104361295062564,95.14298103618323,0,74.23384765072925,1,0,1
48.85263558533101,28.982098199488192,99.4819293965951,0,105.85430964283707,1,0,0
55.049872789804574,27.09159543025678,71.17228057460487,1,102.91042395536482,1,0,1
58.657551941701215,24.926216346535668,98.1143731791822,1,87.71754869983367,1,0,1
37.997035929442234,26.753612274669965,56.95397795671037,0,102.8196539922412,0,0,1
46.654987641590516,23.880298666188718,25.954178317609035,1,131.7725385608719,0,1,1
45.25054688839044,30.17041734129613,43.699588566562085,0,113.90804949100597,0,0,0
43.46670767426288,26.15013384470679,59.35609353787859,1,77.17982980494523,0,0,1
67.65454240281096,31.16892955895374,7.308156202701499,0,97.76982345714113,1,0,0
54.049817109609556,22.220521768981865,62.234326461724606,0,83.90067038294879,0,0,0
37.391160456649544,31.654401161072286,98.11778367622945,1,92.24600167182878,1,0,1
59.17861947054776,34.16764480804462,19.010764978372762,0,91.72768668740714,1,1,0
71.22156197012633,20.031321787142723,79.25951162883833,0,90.4470883479199,1,0,0
60.32465260551147,31.87028284923786,90.78987937796194,1,74.8972925605321,1,0,1
34.80630034045987,36.13834496236646,94.37015928202209,1,97.4469063696362,1,1,1
45.15765927133749,23.951794906543974,96.01356044054472,0,88.7878472630538,1,0,0
62.669111491866225,38.362861934188516,52.14596387214719,1,41.41102619995464,1,1,1
42.92330534381219,32.095095046830224,97.73079079915037,1,141.05944049003327,1,1,1
54.43819428146229,26.474940721207957,75.73102071344388,0,121.77539308433344,1,1,0
57.74634053429337,29.72115461171147,16.16714362369619,0,92.47398550150008,1,0,0
40.730695284219166,32.791634562608614,47.690010646797,1,100.37638099481197,0,1,1
49.404746439382,30.380026957062057,71.8331175372004,1,76.56691305364876,1,0,1
17.58732659930927,32.693779962231844,24.734031581908333,1,133.91445755621731,0,1,1
39.756123586657104,25.39663203460317,64.06151835488873,0,137.94577389546222,0,1,1
47.4743184860684,30.84680412018039,66.66004790466192,0,103.1338745649305,0,0,0
37.52216818035151,22.9314275154751,16.26997438085659,0,120.47061288370689,0,1,1
66.32411303931636,29.4438696932565,56.50853124527563,0,103.50573557867848,1,0,0
35.69858622039367,25.480461792676053,77.16269109786077,0,73.26549122248139,1,0,1
45.599555133030165,26.322350287051165,49.88956645359419,0,91.76353262072685,0,0,0
51.30740577286091,36.18046587605219,1.2103116776107425,0,102.63855933543914,0,1,0
64.41273289066116,35.45655060297135,0.9038469079292177,1,90.90904562513111,1,1,1
35.6413784882056,33.045690604535885,35.702934397001215,1,95.62693445129928,0,1,1
61.63163752154959,24.538436176637106,92.6194068431782,0,98.17200884981771,1,0,0
50.10233061019587,28.41795775152599,22.867677960360876,0,98.38243004269077,0,0,0
40.18491348952049,36.06548849989592,63.43636888716871,0,101.04516980994967,0,1,1
54.62103474263271,30.708584568199523,22.207587069332057,1,78.78789867206798,0,0,1
51.9905969557347,41.59664769990847,32.16699896595486,0,85.65967701744128,0,1,0
43.99783122841205,31.96658919697186,84.8042089601484,1,74.30831468600061,1,0,1
50.69802084990019,30.960245582450156,72.88614422699469,1,119.55631099372401,1,0,1
46.1468640313824,28.454417678987493,9.539927731321063,1,57.88706116319351,0,0,1
51.13517345251248,30.66770452391141,42.87020209864336,1,123.0718068663385,0,1,1
56.62130674521047,29.23765081809728,2.916976364526447,1,127.72698794525687,1,1,1
65.86016816145352,33.54054338344295,48.0890146603009,0,93.95638826034757,1,1,0
37.62184501173151,34.783511583972924,66.24340117010681,0,47.937258243454025,0,1,1
71.33033374656267,26.070052697460252,11.850262359815156,1,92.77378876065418,1,0,1
30.479122004774982,23.34383523221111,28.888493890916568,0,98.71631677422361,0,0,1
48.482149049644164,20.818973134483517,39.783662550215695,1,79.78803560142174,0,0,1
55.883172064845766,32.53995663456272,91.95310246560497,1,89.69563212383514,1,1,1
52.809918677350325,24.483166969130632,99.32550154229641,0,130.60390397726704,1,1,0
43.77300480179406,19.235547035237587,4.491129899561585,0,113.29854324603482,0,0,1
47.918777496427246,31.942893022654822,76.1007923495392,0,81.508717712438,1,0,0
45.06999065341167,42.46499758716395,37.17240664023432,0,68.04801660809136,0,1,0
44.106352430557884,29.969645442300532,39.245818622948,0,93.45965364780457,0,0,1
58.496020970210246,34.19245387225821,75.42649733470228,1,95.73086441299124,1,1,1
53.57015485965047,30.409146792737825,91.84264321454087,0,109.92398374726633,1,0,0
43.070904047393455,29.505551734044285,95.09285945025483,0,89.29366574864682,1,0,1
58.995998754332504,34.59538241493884,57.712258603832076,0,110.22999150723723,1,1,0
53.072995208766095,28.548627279056742,35.71211593005028,1,138.70308080120458,0,1,1
58.1286211883896,31.336961570359513,78.75490858587793,0,116.31002044888525,1,0,0
56.29628841923612,31.608489030980067,25.100138326230027,1,99.03822985338455,1,0,1
41.710049890779274,26.659547731784755,56.40740288335178,0,96.3369905789341,0,0,1
44.39818959803031,34.960211747682614,35.85784615248732,0,92.86653731640257,0,1,1
57.472936051232615,29.125201216522957,65.66310737078761,1,123.61281824904289,1,1,1
56.10370265433465,26.221274202535778,24.03989128935069,0,87.45373108097394,1,0,0
49.79098406035852,32.68254921785202,19.159294573482576,0,100.90445417999965,0,1,0
51.17327383308782,25.507660091044812,91.8239086675437,1,101.02395803762171,1,0,1
62.77664895788425,30.140905786845643,10.18036829495369,0,89.96431614376937,1,0,0
44.0842861116417,29.95440501677898,50.595790773493164,1,72.55068904231798,0,0,1
55.470973811700375,35.42947782915789,22.085278296300892,1,106.45949007235336,1,1,1
47.97807347566106,32.373491164399766,3.892996332566745,1,98.77992056289233,0,1,1
47.8231879677278,29.87486520627428,3.601881829142639,1,110.0048093887314,0,0,1
60.9877685198719,34.08883149600143,17.522177210582733,1,89.32799387121666,1,1,1
58.2541634898803,36.951037745086566,86.67703545060003,0,124.41642597626095,1,1,0
58.135096360006386,32.78905153175931,28.247874397702667,0,82.4645243757631,1,1,0
63.05478807154329,30.051763099216902,95.04591705752958,0,134.24080568035785,1,1,0
50.21003841632759,23.4408188382492,58.16222929891936,1,65.04726980343477,0,0,1
56.81952971294964,24.674431684623137,43.66141897687661,1,108.69540129113783,1,0,1
46.89733243406544,28.47387647822666,58.00888346694546,1,109.50861365053247,0,0,1
53.24166352488442,26.952438989203586,51.669838522626776,1,84.08885864118236,0,0,1
48.698569456323156,29.06514348507277,75.87762537573252,0,108.48787875722024,1,0,0
50.96995964992718,30.283249624485535,28.249606597285226,0,125.59037339520317,0,1,0
55.95157025436914,32.64846377178365,35.30503916003024,1,55.66362321291871,1,1,1
41.81779316766527,29.647506109704544,89.40943025332507,1,110.05489614981629,1,0,1
70.9238727568546,32.43250821913101,94.64565131504055,0,50.134583593398446,1,1,0
39.93982618500298,30.3223720740506,89.25582274864745,1,80.68670392953584,1,0,1
37.85811387212268,20.12266716823064,41.94479939573136,1,132.5833272980189,0,1,1
61.581108735000676,25.303323030906228,78.03655030068816,1,88.36435933215893,1,0,1
57.91662693962936,29.279562221391924,47.63357333010988,0,76.52240071182055,1,0,0
56.24119817052155,23.95152628579446,49.75398521461022,0,96.04124542030637,1,0,0
56.2834550926428,32.999643649981024,20.468010905728395,1,141.35812676327106,1,1,1
49.87753227153085,37.65375416171849,59.113030325851646,0,63.36635505587948,0,1,0
41.02745628514168,36.09380925848659,18.613589775334795,1,78.9738017672131,0,1,1
50.75804558193726,28.93278564534896,33.15646990671938,1,129.94863366359252,0,1,1
43.22838288487888,37.45363068424976,85.50302016199352,0,137.15404687075466,1,1,1
59.75119733417751,30.743337286010558,20.707580921085523,1,97.93137551419431,1,0,1
48.52942618497861,28.314570144409803,7.115828517343282,1,75.21894594946716,0,0,1
41.745028032074885,26.9329866822953,6.90075926128163,0,141.91687003618318,0,1,1
46.78614158347007,28.487651567559357,94.07845205031079,1,131.88884783498395,1,1,1
54.12931454275624,28.059115907293858,50.69204379618346,1,113.57893975524466,0,0,1
44.36275447196025,30.85208111187744,40.941207181701834,1,83.7519530212516,0,0,1
41.77779604433569,30.802869905249324,81.08785810079185,0,99.01941318323927,1,0,1
52.436872114919126,30.015230100767074,83.5825927910516,1,96.79279837910339,1,0,1
52.44966571108723,32.18469084873175,33.21910331156046,0,106.61702609231156,0,1,0
44.9305682462887,35.95323137393171,69.36180574737952,1,129.02002876262674,0,1,1
45.289616943816775,34.74777067720662,77.11228158518865,1,117.58834082274807,1,1,1
52.32049937357636,22.575510157750482,65.46506868659546,1,78.45247846030483,0,0,1
35.51915658502676,17.230394325490224,15.159507480009937,1,127.52992900039075,0,1,1
35.92536225623445,34.67159955619637,87.5883083517057,0,106.26264280026311,1,1,1
42.81555778747564,23.165606507922895,53.90945527360087,0,113.74131591717833,0,0,1
47.86552848288153,28.87617299053658,28.24724263700037,1,129.33081718557207,0,1,1
53.10907565598005,24.149434869703203,42.52281854376939,1,77.76839500972898,0,0,1
64.75356216949552,20.9900978120999,3.757109039890738,1,99.28348842587074,1,0,1
58.576596232020194,32.70731364102394,12.786680122241755,1,89.3709089728157,1,1,1
48.40061470036573,33.79577580151324,76.55467505158609,1,68.64281149269088,1,1,1
49.80983792097311,27.1174479963664,0.0011634755366141114,1,106.93419955209839,0,0,1
39.97470635362191,17.04478853927545,41.65658284822922,1,150.23113103168848,0,1,1
49.8148686400761,27.268777758737585,52.251018108558846,1,63.19844510988494,0,0,1
47.11341361079862,31.959020027012734,5.4634420000972295,0,99.3543877790106,0,0,0
53.227185603380896,22.605442156129357,97.30781629723329,0,112.81085870149548,1,0,0
41.727690564476774,30.91679959889578,22.612533124967193,0,102.46156403312362,0,0,1
55.193465142411725,29.923450754135022,30.419871963628086,1,97.73743894968518,1,0,1
65.32738913002578,32.89645749800544,30.39425122550273,1,74.01567273108351,1,1,1
48.91239851543143,30.597901842070765,23.04166621173499,1,104.65573485880327,0,0,1
54.01711722098941,25.13465529559222,0.1473822086311416,0,84.86472045968148,0,0,0
56.90143991711113,35.982857508322454,72.93447940879963,1,56.20156590042893,1,1,1
45.987795281141636,29.20735213486515,96.68454997992853,0,123.89184441027462,1,1,0
52.24092481810417,29.86347730245034,22.429348328504506,1,119.16771639684085,0,0,1
50.12592400781795,25.333660204634022,66.30471918034225,0,101.0332195370216,0,0,0
50.97676098548832,27.783588744042447,74.18963269587151,0,104.58149376411406,1,0,0
42.26990216144534,25.575986429865495,84.84253790905247,0,121.48636025431122,1,1,1
50.245101742589426,29.135269700382885,42.262919701360914,1,104.48679313556165,0,0,1
54.979982912454496,38.558542400711715,30.293090564042924,0,118.08035109522629,0,1,0
64.51143607795042,23.140494285343216,32.52951340230311,1,94.050355982523,1,0,1
59.59270826085207,21.932193010616295,71.26213330985128,1,126.23967477147893,1,1,1
71.53182457511556,37.35585163746804,81.6779466505636,1,106.41571451865367,1,1,1
42.326524371119504,28.95338161424067,18.161396775660265,1,103.88103887211749,0,0,1
58.723206367206785,26.654636306700418,37.09410081577652,1,74.59877822575936,1,0,1
51.83342005738352,35.199523436980385,90.19401967491501,0,105.73911708603417,1,1,0
71.89802933217672,26.97192230131568,80.66935196947392,1,83.36090165011097,1,0,1
41.91701714644849,39.13004856773468,98.48584027624759,1,87.23434546943011,1,1,1
41.602781578192236,33.38962935669635,75.42482596820807,1,83.69248743367757,1,1,1
44.00607354555978,27.560442959271487,39.319520102792225,1,78.6753013620155,0,0,1
28.76104275690193,40.786541066327516,59.06378339946377,1,142.49542806033924,0,1,1
44.74244978319239,26.97142538498331,66.10142542473203,0,126.62678123976806,0,1,1
42.40867338446302,33.71047686004653,7.845581631712395,0,138.40735004288524,0,1,1
51.50393786476208,31.49646290203246,54.44969591038651,1,75.54209960888872,0,0,1
53.41755975777159,36.50870644699399,70.93208284726096,0,101.42507499821785,1,1,0
68.76170839215887,37.807555983634266,16.732130400106037,0,74.12984749591809,1,1,0
59.5042383818605,30.160020745328833,78.06317174255571,1,86.08610245605873,1,0,1
44.23096344337597,26.232910648269083,58.37727805141116,0,81.6374603316685,0,0,1
41.01585328651642,32.29986071469558,95.22217856975946,1,124.79168012883123,1,1,1
54.919191715065054,26.61142315123947,4.24222982068917,0,92.0754064379648,0,0,0
36.797667929793576,40.066936237633115,26.5326137555467,0,121.36758667388033,0,1,1
68.31458765854353,30.682676655413687,60.15538792998241,0,112.08241779177035,1,0,0
61.79440120721287,28.173392243439455,29.65599122059307,1,146.07277504209577,1,1,1
45.30824347895295,30.923401529324543,71.44241640712423,0,70.41111553720552,1,0,0
32.868654709091224,23.264368552351517,75.9005282521931,0,125.18466479573598,1,1,1
63.538723741654124,25.141929807446743,10.251596406647446,1,122.92881740801455,1,1,1
48.85460154747382,36.00206953972213,51.38544642067677,1,80.5324232394593,0,1,1
62.378163119734616,26.71552860514302,50.889055559105586,0,120.1426667294632,1,1,0
34.05572341205633,24.7654450865903,36.92807702155411,1,106.72289926052457,0,0,1
44.00624977046227,32.68326376263643,93.29248625696721,0,95.45047480093184,1,1,1
50.05243699718183,35.928520773314986,82.75063198732212,0,83.52129026056001,1,1,0
50.46980593764742,33.594766553325336,69.72093819096368,1,85.61781097101628,0,1,1
45.49934528520756,34.98023842902908,71.43266357349975,1,140.9962419157185,1,1,1
56.228499323474985,26.216024557152696,46.17161438131191,1,100.01365637914965,1,0,1
39.32379570617405,22.89094666629078,92.09945210965759,0,115.64260003062918,1,0,1
48.576205149787064,37.506668259777435,69.45954272532853,1,84.18201236664893,0,1,1
51.20295631711899,28.38660080578932,72.89810616558164,0,84.40294107556723,1,0,0
55.14438834058749,28.745834917724764,86.16909037873452,1,121.63969618499884,1,1,1
57.1161487808889,36.64097070924529,27.4071589342191,0,73.00847576896936,1,1,0
38.75357908162131,32.7811500470033,80.7070903866703,1,91.69572464189457,1,1,1
34.65885829264378,32.279438860408035,19.524060295649203,0,100.68054822144464,0,1,1
62.77676821898509,40.825011724505416,34.53419522448878,1,102.22745203680105,1,1,1
53.323140119795916,26.782408848099287,33.56104542698427,0,96.41813429967688,0,0,0
42.51513463443446,34.63920064040619,97.85254683891405,1,107.91639562191847,1,1,1
65.51151975522524,30.285065624485423,85.65372237479268,1,113.85711511635623,1,0,1
51.156746342928585,31.342961394316283,70.11698615902597,0,114.6927509091866,1,0,0
61.792971840638266,37.64234213206266,72.70567616153902,1,80.28392382664347,1,1,1
50.67518481410109,32.53917878144812,56.20727944025711,0,94.31689804142405,0,1,0
70.60747924881987,32.69148039524816,94.70906671085191,0,123.89525723753876,1,1,0
67.55340842443204,35.362536686549014,49.62587528823615,1,117.89294375147745,1,1,1
47.51035851520926,28.175236352285573,38.05177098698945,0,72.54281097037872,0,0,0
59.71570950954356,25.803951663304968,16.3035336931591,1,107.02959800704403,1,0,1
56.45375949585147,24.775954029894834,78.6205652261058,1,60.43549501250379,1,0,1
63.68631557532349,20.16821705311999,73.44439320755914,0,100.93869804120739,1,0,0
40.35076539419896,40.28103564970161,38.43550385241349,1,137.95534033491953,0,1,1
56.86051459998439,24.483958171391585,2.519341395922936,0,81.04214565462027,1,0,0
60.58424486849588,28.89373188207114,83.89973277180107,0,83.31353909016836,1,0,0
32.41260513576886,28.615933500555396,1.1417983454073632,1,115.28059563145719,0,0,1
38.16741487334225,31.537033489045506,70.3699779629051,1,69.14396969580707,1,0,1
29.607678222398995,34.078686062696484,97.02571097260571,0,87.34489940229922,1,1,1
47.305931655554424,34.30236744179873,43.766132814820345,0,111.92882275163505,0,1,0
57.17542255795962,27.08461280715531,23.497340499595275,1,87.31428304621194,1,0,1
65.02357052096028,29.164391431067944,70.48710100433817,1,95.28060025578057,1,0,1
50.74094780419775,31.412899752441497,81.71281420155852,1,114.8837142063007,1,0,1
66.28615545571292,28.756544369082263,54.64303160778473,1,108.43092167073122,1,0,1
36.198985417851084,38.03672788009996,96.70352752561462,0,105.33636792590804,1,1,1
32.96617560644845,32.45487475819126,5.166872165796111,1,93.21755441459922,0,1,1
49.44452301103381,33.67438893024909,50.479559830452814,0,107.40122230537911,0,1,0
53.840654489393074,33.31440634333706,71.845394732255,0,97.52534639800487,1,1,0
49.67305251905907,35.86736928742663,86.2640471149179,1,109.1561121985157,1,1,1
29.325578999601234,30.905107793518535,17.925561190779003,0,90.06135949764044,0,0,1
49.10879960487212,23.515840260220767,80.00034817636814,1,96.34862051240918,1,0,1
36.95530499495147,31.998439758763208,55.27070757185453,0,80.20084414895972,0,0,1
56.69672548830039,26.743215531040853,39.65536819899632,1,99.29984779987528,1,0,1
53.66598246096848,27.356916591251217,13.171502857909356,0,83.7799827274231,0,0,0
40.60120213672645,32.931820093775464,86.52957589089124,0,77.71907099676014,1,1,1
44.861330826633065,36.19141535716818,15.727320817971535,1,105.17322295710777,0,1,1
39.40786478111048,30.106357883680307,30.978785920909925,1,104.25479551715321,0,0,1
49.37320902726828,31.544165062994818,29.004553196243688,0,115.65747469897146,0,0,0
59.551423205012384,38.51107472317619,87.14140341908544,0,91.37748860849803,1,1,0
40.14273953664456,31.203765897442842,67.2702994208898,1,108.16105693673512,0,0,1
55.040465155178445,43.008415570901974,79.66813971913723,0,111.01595144547326,1,1,0
44.69742381627559,32.827548228157724,25.046789879249896,1,108.8954761566319,0,1,1
42.07127167737656,21.19618620422091,62.48740996069989,0,83.48692634395715,0,0,1
48.929696400454425,33.76670810552266,57.17459831437487,1,102.98726964542378,0,1,1
39.64757677580626,31.90579192441389,83.28303767882711,0,107.28280592109323,1,0,1
44.46350694652818,36.44876377041373,90.60870604812605,1,100.14356933815884,1,1,1
38.021221074111516,33.365906756349794,1.2156771477386807,1,58.27044683257831,0,1,1
69.6472513291639,29.307720080081133,67.40199190587927,0,103.2097924794696,1,0,0
50.35263551971729,23.878508818553172,5.1835799119729025,1,144.25062078794485,0,1,1
43.00274492007414,28.954883713569874,54.88586650773559,0,92.79921462486034,0,0,1
52.13979910734222,25.7473977289535,28.76327290436782,1,85.43845804289357,0,0,1
48.8767195030917,27.097382750976386,30.67765995221412,1,107.46697119422797,0,0,1
47.79030400466777,32.942892022103045,35.29585034523566,1,106.24756420933143,0,1,1
56.14166700043425,38.34952252175703,62.12924490496101,0,123.85470330832828,1,1,0
57.57507710047305,31.973357649114906,33.40499656687692,1,74.84263688182224,1,0,1
44.69498852389472,24.020584689824076,73.26990505902803,0,114.62760505149984,1,0,1
44.2418175935532,32.2230133411007,40.45273855738697,1,111.80844122502927,0,1,1
47.24948302848356,35.98315743322826,6.835320030995861,0,97.15706926118908,0,1,0
26.98078835264415,26.95108547840309,78.37598424841073,0,106.7737463584338,1,0,1
34.84808937801448,29.32991416663541,28.5758324592706,0,120.58914963196715,0,1,1
63.66874267444525,30.073440973645987,43.276687959926264,1,117.44630760056901,1,0,1
66.44967713501283,26.075508434588798,68.54438832219016,0,77.13961375852543,1,0,0
47.50963960443622,33.2414021692193,33.2456157148712,1,116.40316373510969,0,1,1
55.765569630557664,29.395259256961094,5.658565614671563,0,98.70622789934963,1,0,0
53.112501545435364,32.09766221953514,37.39210470128136,0,101.4574819603103,0,1,0
80.78880808455239,25.562539110989498,94.44485826943034,0,101.46393982003389,1,0,0
61.195749114345766,27.812708498382946,64.17343972985582,0,96.9951402240348,1,0,0
48.72082408519233,33.61190678913886,67.1479148667207,1,123.8341499421413,0,1,1
40.44459559399574,28.135834239541165,63.22821536376399,0,98.32564080301576,0,0,1
33.93553679742428,38.63481925616703,19.899213895943678,0,77.60907743233662,0,1,1
52.03463635867223,28.001819071926988,41.833386410228016,1,92.12940288060543,0,0,1
42.436492547156966,31.12342362875943,75.09397983633183,0,103.5738943362095,1,0,1
35.77746290402326,34.66295415936545,10.137289755315916,0,124.58429568594102,0,1,1
43.534271157574736,22.908171335334842,27.785277608971228,0,112.06189369897668,0,0,1
39.18451996385605,21.19595594009612,27.631910846585363,0,82.98929442505911,0,0,1
66.87141635072564,22.371718427149524,43.2018927594506,1,149.70379833357782,1,1,1
58.816397569494505,36.31292051713591,98.0368740942185,1,105.2955062195596,1,1,1
49.92027358683383,27.240709270537767,6.750254668382194,0,125.50781475998029,0,1,0
64.79944138890026,42.79099642834126,51.870099438059505,1,96.96571132845541,1,1,1
50.77368307647618,27.178762006713058,17.936468201221047,1,110.66718489410898,0,0,1
41.38715798671736,30.922756515985185,97.06765454097442,0,116.7893700903681,1,0,1
65.23124077269657,37.71054976283938,11.33035047274642,1,124.36389423508513,1,1,1
55.38910043684659,40.03046444079561,40.36010023615913,0,121.1473661075645,1,1,0
39.62753845673544,40.30751788318199,73.78849848346061,1,117.44394000145955,1,1,1
48.09661321916392,36.04183115296571,70.45544280274453,1,93.69826537611783,1,1,1
41.24381746615243,35.12031262905731,42.272863689393226,1,88.56507916087877,0,1,1
36.172002690356635,32.96263474600592,34.652416795271826,0,106.65215020648395,0,1,1
59.26177547531641,33.89180538083319,39.76123785528706,1,118.66256144682139,1,1,1
69.0941664047013,27.244071418357333,26.42762631586393,0,95.54558598446786,1,0,0
36.01432426180859,25.909005582888465,20.53329387067998,0,121.30343931428773,0,1,1
55.62969236690571,29.98312771294524,48.303969755889,1,129.05233490972358,1,1,1
43.49357430878173,29.149076887375358,26.853375606760732,0,81.67358161853161,0,0,1
45.12874616235304,27.733859753363625,28.746166489725013,1,83.26158592407441,0,0,1
44.07606075761131,33.481937237283574,65.67560634745571,0,97.19249882189327,0,1,1
41.36009230320184,34.77652604285255,96.85373316998923,0,106.15225336378393,1,1,1
50.48521627944827,30.442034431459238,60.363720055937506,1,89.50865972465898,0,0,1
41.69049883588962,37.38765040527631,7.697946706496628,1,127.04405357734288,0,1,1
52.704568257798385,24.291554429332475,7.558361385406698,1,108.48133723036902,0,0,1
49.49761890550863,29.03170270360141,95.1423220845566,1,100.78894096481478,1,0,1
47.6105195313359,26.415888396985977,29.729079030733363,0,71.28180952262944,0,0,0
40.92436337958402,20.6673169146347,9.206698608247542,0,73.68368367144986,0,0,1
44.23228669431667,29.586596570786504,59.90445871503815,0,105.62018500563613,0,0,1
57.55391225825756,29.39126245808358,62.36487782902661,1,57.348087476903274,1,0,1
55.009171876243805,37.567248716210656,64.85048201186882,0,120.25274819288143,1,1,0
40.22444755201449,33.154058422773886,26.74020278575413,1,96.83692311255359,0,1,1
50.99332305429226,24.879065878353977,1.5110684214475034,0,164.86185939189465,0,1,0
57.51387123371789,39.27046283167094,96.50153694544719,1,146.15832501232222,1,1,1
33.305947188786284,36.10516847762676,25.089304569110247,0,96.37101861504966,0,1,1
55.43360192379935,32.910488517343076,67.60262880525475,0,97.8732599493737,1,1,0
43.37376241054153,28.86757950575084,70.66298698787095,1,119.9116302800406,1,0,1
55.70598668593159,25.202803816382602,61.00074170794857,0,134.06345219836075,1,1,0
42.367408434574834,28.138966119644735,31.290739421364822,1,67.23941885127967,0,0,1
31.95117899335481,35.443743098520926,27.109625376406576,0,64.27249069290627,0,1,1
33.72457562116837,39.42293152967304,59.76682827027031,0,87.55930388891237,0,1,1
50.48084946661382,37.71621764136094,86.60956336116915,1,111.65475166347728,1,1,1
52.59722501721482,27.55575289106863,94.67337289233956,1,109.93747181015195,1,0,1
40.956833748955916,24.401912833554945,10.590580440375764,0,121.395429099677,0,1,1
56.38592458777374,30.70443123455602,15.482861259771985,0,76.00604943269383,1,0,0
33.3847993773104,21.157803172185744,94.47362587830797,0,53.677122740622465,1,0,1
49.33920201352684,31.615838570923906,73.65352283347926,0,117.1602839060429,1,0,0
37.889838002375434,29.261987068506656,88.29938248297731,0,83.4360745406953,1,0,1
43.48163892197841,27.66981749065879,20.263263413534315,0,59.63024271222724,0,0,1
50.47398671316414,22.02648466366602,58.758587110940184,1,102.90127491918763,0,0,1
41.39586634716048,32.568000532848586,70.11395944174737,1,115.86351376437355,1,1,1
46.154444557701744,27.336495801690443,68.01118854469726,1,97.55885735757445,0,0,1
60.0629280921444,24.15041582144856,40.81516908666981,0,90.84303227635021,1,0,0
44.23108130476851,15.638688933591753,1.5394891691308477,0,96.81275535708187,0,0,1
58.35692112065142,29.862425474746818,58.29260568042631,0,92.58834475198434,1,0,0
38.702931453423815,38.86125798334872,25.310153917960875,1,73.03905776119666,0,1,1
55.298041779152825,38.30629607273935,45.02542461428904,1,85.70638646019137,1,1,1
64.41568620657901,27.714518717068643,95.75810150838173,0,110.42559810027629,1,0,0
25.283554998727105,26.988939698191096,39.903531764243475,0,106.43357082753,0,0,1
42.03104744529523,32.34387128037512,83.98016066644267,1,103.3611961193364,1,1,1
55.7707212718054,25.008072804058543,18.854060574925114,1,80.09703036293241,1,0,1
47.96954613957007,31.50895949909733,67.24604980250288,1,96.36993675728665,0,0,1
53.71145873371309,33.83040139192345,97.70069544389435,0,56.4586990711429,1,1,0
43.960148132841795,36.13466611942154,10.189310087293679,0,103.56953327770779,0,1,1
50.865897874729,29.499229617600236,0.8319942227192012,0,128.57715415627135,0,1,0
48.44322764607921,28.98163124911517,43.35827926326144,1,70.51735735915788,0,0,1
61.67782061659807,25.610087066217194,9.26254830513672,1,88.2814465336449,1,0,1
52.54420843301213,25.8655982298007,74.83843496762313,0,106.5821355742026,1,0,0
53.37602662075202,28.867605540492367,91.45486638485589,0,125.05685268854967,1,1,0
45.881230338775325,31.83682753408089,43.402097270875885,1,91.03550767399702,0,0,1
45.123937759275066,34.567923131166246,25.871164215544095,0,86.15499341468207,0,1,0
45.67441812180379,25.984105246598276,43.44033190066098,1,60.62153715167834,0,0,1
53.944521423782966,37.46344284479761,72.3447817850001,1,102.06876258616212,1,1,1
45.79015519179737,28.644381994787157,0.9054161580370979,0,140.84152080287487,0,1,0
52.89774856896413,29.89316352825782,58.945398948469716,1,105.54716923929352,0,0,1
70.75400798645438,26.263941604260882,61.329168488737906,0,99.55442041632574,1,0,0
58.711247034316926,17.878798698635293,63.76882468959355,1,106.44164621533972,1,0,1
46.73976467832159,34.42022698180525,24.202207998087722,1,99.77815992102796,0,1,1
62.012139221639444,33.684219485462165,71.40527233781268,0,83.7397125547974,1,1,0
45.91924626978449,28.593362214408934,9.13914863317764,1,116.46559831355411,0,0,1
29.61875464822146,30.33495358612436,19.92703364668008,0,104.51523046223508,0,0,1
39.91913689082596,32.5796960885205,87.74700466544819,0,100.35226503867315,1,1,1
31.292080789741444,22.187270715567287,73.87231507265663,1,80.492679454435,1,0,1
46.48486515958692,27.354736613268525,1.3745554011345251,0,126.07015863869518,0,1,0
50.184183791895514,33.971323398109135,24.83762603698002,0,113.2940549066622,0,1,0
66.76437312275283,23.728552884153753,21.440648299316457,0,88.94158325265396,1,0,0
53.269273737641626,31.467789660833148,27.080632803697256,0,120.03649707363874,0,1,0
47.80899471191136,23.217090976882975,24.755977027988642,0,90.04858323229585,0,0,0
58.294055811834895,32.33214991216763,6.252629574284574,0,84.35993014977926,1,1,0
27.88864690992115,29.821792588512583,45.894051659682034,1,84.80593765039426,0,0,1
52.356145581085656,21.924340920472453,73.27334747861651,0,64.57862893823818,1,0,0
57.708651938869664,35.82369677228586,60.67317247174364,1,109.43084760836412,1,1,1
35.214137542201584,26.327042116009753,67.28716685980798,1,63.377102433233,0,0,1
61.43754043206929,25.948737814928094,8.114917853623915,0,75.43112337468474,1,0,0
53.38496407494414,31.002845986154714,95.14907101767872,1,58.488239818429335,1,0,1
45.847120860991986,35.743186747143575,83.84918338430248,1,98.27860614418213,1,1,1
56.32781866106285,24.920890905108017,80.50903184956627,0,96.99359079456256,1,0,0
72.70692857804396,30.30839924923986,82.29838050417675,0,93.46607573627271,1,0,0
51.81866255058495,32.14408250165287,93.27105081327613,0,79.14844610658847,1,1,0
52.48220586300336,33.46552803631572,54.42539661136977,1,76.5553249312672,0,1,1
45.40639100459756,30.882207776386124,20.02820178676259,1,109.28739727093148,0,0,1
41.50155630535208,28.164860804583387,61.678360785254114,0,88.98896136583025,0,0,1
58.303358165442454,25.862048896756402,74.2881493667939,0,106.3271664307229,1,0,0
41.43916174091133,30.430719415231874,73.79173933540254,1,82.29502627751555,1,0,1
50.715662372193925,24.639304940071966,52.14490241668801,1,103.62125485542165,0,0,1
45.223425532348834,15.393247582526964,6.845871933357806,1,126.06556074632127,0,1,1
54.78979825746392,32.18279902078834,37.11129384301278,1,111.72331600785567,0,1,1
53.33662105286948,34.519674205430974,92.07666084633573,0,91.75172363567039,1,1,0
60.375399442578995,18.18533782229081,58.4448909757426,1,105.14397940711855,1,0,1
44.89983601145253,24.95134647645031,53.83319432557134,1,95.18669650939574,0,0,1
47.30125064706629,33.09577130502599,26.885351438219352,1,100.15760369389456,0,1,1
40.21236284217693,40.2874773485585,36.84489199165789,1,93.48777895702993,0,1,1
45.55706739923888,30.10396853837704,89.53460891531692,0,96.71329588229217,1,0,0
53.77300493044852,26.35998529385433,66.64630475268358,0,104.2418670614835,0,0,0
57.56988616645352,29.0855177944758,78.73870267523328,1,80.13282600836098,1,0,1
40.77834675822375,36.87438209574093,45.434542306765515,1,79.68242346020043,0,1,1
58.6960592010566,26.770179104377323,63.024721945615795,0,72.22914892337577,1,0,0
63.55637858804951,26.00403996674873,24.838360874320752,0,67.9945779099258,1,0,0
54.13434903223701,27.58628238908984,70.54608302834863,1,75.65434615559042,1,0,1
68.76795812558066,25.233356958706437,42.76013337033373,1,103.18925013608258,1,0,1
42.26210800896427,30.613351579973976,44.25455148147456,0,82.14424969016233,0,0,1
37.55345296688583,38.1233922923478,64.93223245768817,0,110.27228928462192,0,1,1
32.212797510957216,31.615396365580146,93.62806214689266,0,100.69427497505124,1,0,1
64.96044311489183,28.738232489368563,6.400634660862092,0,60.629915731238924,1,0,0
56.54365656354058,28.54094365542228,82.47432373470076,0,113.09951168443379,1,0,0
49.44415329089545,22.184045956516716,29.238311041219312,0,116.2159729118342,0,0,0
52.799686263198204,34.415548885735795,44.391945450637785,1,80.12274650330293,0,1,1
38.74510952701623,29.61081401493599,2.1913328775008956,0,108.40383085789983,0,0,1
74.45751979616827,29.09760043204687,30.1046077834313,0,82.87003525181602,1,0,0
51.292211819752275,45.965537839224304,50.26312426301305,0,101.95340753496671,0,1,0
51.09394794604893,31.49376454182843,5.617607734743901,0,74.71003186090068,0,0,0
57.25766623898692,26.24104474952408,49.10957293831652,1,64.13787094930846,1,0,1
54.810092317367136,27.868212018972283,92.71106288584274,1,92.34365620774062,1,0,1
52.23884024279131,35.74222854598378,10.539321810780521,0,97.52542107450327,0,1,0
42.09525544554688,30.56635205268882,76.44407280755044,1,92.04640612770793,1,0,1
54.714683571359956,22.808610108413166,40.967105337599264,1,76.3193888355488,0,0,1
68.82024496475034,34.596144672876015,65.5173714524338,1,92.00201875737726,1,1,1
63.454200461549775,26.65927957230503,26.023659798522935,1,105.38589505161468,1,0,1
65.93186626639397,39.366488881087726,15.949226254135828,1,99.10213939754927,1,1,1
44.88784323568815,35.40024032857324,16.046261427122644,1,103.65002061198427,0,1,1
40.10395179741419,27.763390521706246,7.049194564314465,0,86.59769599091534,0,0,1
48.74213079900352,36.40508180867556,18.564670490124303,0,123.43435829432319,0,1,0
50.557249122886944,30.339277552637018,66.42193849889682,0,76.47653326890439,0,0,0
60.94191518470949,34.263868375611096,88.16906118435081,0,109.75120594173437,1,1,0
33.07535370285181,32.42366408647237,81.41256855911618,0,123.63782185919924,1,1,1
65.29550319460614,25.768216725045633,68.51343098744842,1,109.61816185497791,1,0,1
48.419921014210104,26.78225083841269,11.043186341110268,0,95.9495154587034,0,0,0
45.7311893005258,35.14980408790581,28.918744629594983,0,89.43405906674042,0,1,0
39.87895624739832,28.326123339467294,30.980687532246897,1,120.72175302092512,0,1,1
33.451433281342304,27.981757683790015,24.99569463976212,1,71.54050149476654,0,0,1
58.231705839619146,25.224387103253235,51.50056597097231,0,80.59751479240713,1,0,0
50.73317967188404,32.11799532796731,53.55538148796726,1,92.04884469016557,0,1,1
37.10039100258946,40.31262459621573,35.68859751711102,1,124.75307515023997,0,1,1
37.04921227936384,24.662335428728635,35.3789158736436,1,107.59535272081791,0,0,1
46.64215300709872,30.12109728336379,82.85555979060814,1,80.6390848297951,1,0,1
66.69021525289392,37.061102777077146,78.92928483196856,0,93.79384589230193,1,1,0
47.40408648636395,29.601793043771423,30.779583168074566,1,87.71353711807411,0,0,1
34.96857046881894,32.26185898124867,91.37884438732593,0,85.8042201553293,1,1,1
47.54256935914056,24.688032359265602,95.2815017002506,0,119.57779117113559,1,0,0
47.27276430252329,32.141535486038244,32.67425420300408,1,72.56513741472989,0,1,1
23.031133570584284,29.064278674977256,35.442494879305485,1,132.17561711468747,0,1,1
49.45705133482188,34.928649978399314,50.56341534219588,1,116.56459380369246,0,1,1
47.69065469791322,35.936930257823754,94.11208125336735,0,121.81723341207396,1,1,0
56.96206364813418,42.94781821009307,87.63194331423115,1,90.74120975949484,1,1,1
68.48956094945345,32.89816586606788,10.25679625835898,1,97.00118561841781,1,1,1
61.26565029547757,31.628981582910832,39.27307432714162,1,71.33696370950577,1,0,1
47.31111309445169,30.97192150788668,55.33711897497719,1,89.50675185866393,0,0,1
38.934740912583294,28.23416853594656,50.313247255154,1,109.87309695286302,0,0,1
75.7335980324986,31.692419217308455,19.38630679368927,0,125.92126123562792,1,1,0
50.59218434014488,28.522992949304854,85.88167711681547,1,77.85686366395097,1,0,1
50.13929291912946,30.84230488134807,67.69407829968374,1,92.68988126029468,0,0,1
49.758749128899964,36.587987678039795,83.79083748518036,1,96.97401559534956,1,1,1
51.98084760767855,24.967287173601793,85.87642793494722,0,72.0842159561503,1,0,0
48.556395880760576,35.699392805645225,74.83558536657398,1,111.826984835168,1,1,1
44.26337993119763,36.58557533669933,43.92106012497173,0,85.52019336514782,0,1,1
44.53141058759608,29.409657365044605,61.054675501542455,0,96.09219297645951,0,0,1
49.672467297840015,19.390725504957025,16.036540611974313,1,90.96101256176244,0,0,1
44.56575228866235,26.960890064527838,67.36454174749078,1,84.21322988560651,0,0,1
42.871542173228356,36.484972732805545,17.925325573928074,1,99.85910029038891,0,1,1
51.064302276918966,29.88565968850559,69.39495905101568,0,95.68780842863956,0,0,0
47.450227825791444,25.003488838525445,22.959816075396866,0,92.56284235442669,0,0,0
65.0399298858269,27.47612539385891,11.755130015021997,0,85.43076756639314,1,0,0
23.490301916069882,34.20310013252276,16.52844901429574,0,106.39049341565911,0,1,1
60.91506851922462,32.7336678410069,0.1992135219070268,0,133.0723453698457,1,1,0
62.46085192497629,28.80533950415153,71.87396178535302,0,102.79774465678254,1,0,0
29.266097675918505,28.165877940926563,73.24010490583791,1,119.92236429822258,1,0,1
46.573124059196516,28.04120925478089,51.493334991325945,1,72.19556149693075,0,0,1
46.28559134004209,25.387949077507486,16.13628010553837,0,103.1552287858754,0,0,0
35.924883052821784,38.07687844734721,8.355433751068976,1,78.05263362057866,0,1,1
42.22183312409125,28.3883976539433,1.912896643728701,1,70.46150144936198,0,0,1
38.894241545341714,36.085792604127484,16.57481769652207,0,85.21257185081927,0,1,1
67.52270443423623,37.60658025961226,89.08555349831467,0,123.83798668827146,1,1,0
59.35678393147461,34.9915544907398,24.153684170168177,1,119.00031657339291,1,1,1
62.71555094994159,27.841898436409757,35.42713272172156,0,104.860094441088,1,0,0
57.21672064043235,32.018650451683044,10.534548448133318,0,69.34598880220139,1,1,0
38.70948228782771,29.879021968045418,22.236130474817028,1,96.07438697224126,0,0,1
44.75479733720226,25.48149069634936,51.922457078020514,0,106.03400017803472,0,0,1
54.89374561227918,31.621796408608017,60.775268309565256,1,103.51072459157196,0,0,1
37.778721911080545,24.10480104420099,24.535231416621105,1,63.12412833038508,0,0,1
57.12998430172388,35.93839694230782,5.773215922511721,1,82.19364303960256,1,1,1
47.59674601841865,27.676913513508033,39.10328691273987,1,98.71844471702566,0,0,1
46.251791924504026,31.005798279364196,23.420337092633414,1,110.7258181903438,0,0,1
57.10959968203491,31.41643935773071,21.955392322980195,0,56.07744357800107,1,0,0
54.4426331148604,28.705475131479613,95.98628027134552,0,96.75752049040283,1,0,0
46.3903383418092,32.933469007376374,61.63004859257241,0,102.86097539757904,0,1,0
61.59329803364248,27.62548171688738,55.68784431720959,0,116.99223977032426,1,0,0
39.189366724001026,34.35648648728622,41.57751035233219,1,113.85715168474873,0,1,1
56.15935606944264,23.270101598766257,42.89443334301443,1,111.6514263761761,1,0,1
55.93101257968384,30.63189789773206,54.090500383808084,0,84.00118986596132,1,0,0
46.904535606860094,39.694644995291426,69.64298070361072,1,61.83995725753385,0,1,1
53.26133022242118,24.998343376972127,70.21460961818295,0,92.13894485877198,1,0,0
37.488864236146966,26.611275147375743,17.169390770544958,0,120.0326365041712,0,1,1
59.24027019206901,32.569539248294575,50.0112752076627,0,127.86909055048864,1,1,0
48.15097863557011,30.89790890969799,41.195809503410196,1,114.2109820459557,0,0,1
44.772769794809605,31.753150496367795,87.05269662693841,1,108.58681645603468,1,0,1
60.49009225836889,32.44593565073832,63.14189212183764,1,107.5927929677193,1,1,1
42.95656309457241,33.17360734280885,53.25040664159818,1,88.87762506478438,0,1,1
35.91538703636441,35.54849920978111,11.539464217891737,0,97.3987941289276,0,1,1
34.433708264760966,32.04909328464257,60.56378893234115,1,133.3813905165266,0,1,1
56.06009951345639,28.793711726907286,11.720390568023342,1,81.14883988416247,1,0,1
37.19570647503717,33.362868506013655,33.720657556575205,1,132.29557581419704,0,1,1
67.54794181984364,39.49940967447608,14.284196481433186,0,93.55943691015884,1,1,0
29.18070592116278,29.33683126808713,69.20736470243689,0,126.50864218190156,0,1,1
66.96456368290038,25.127353476646793,20.62521138361526,1,71.86369981004924,1,0,1
52.11017467202618,35.53540334643486,39.1859373188026,1,111.71808402329299,0,1,1
49.032868881296075,29.398094180232007,89.56747776187787,1,85.26459728104756,1,0,1
44.550809131910505,19.13665226992982,20.431638339897027,1,71.69465616151625,0,0,1
53.991361143520706,34.23710838575211,50.780506395877914,0,104.37068084821891,0,1,0
49.62365297575152,27.323359070230385,41.9271661166022,1,120.18943577191938,0,1,1
61.03301882016521,29.547333588479198,1.8124041045729733,1,83.10117122813007,1,0,1
51.142276486620396,31.659901652845072,79.27581135728128,1,70.01968079083198,1,0,1
51.50301761461878,30.952498398895333,6.904590631459973,0,98.1631047133009,0,0,0
46.36387787786144,33.547259085695195,47.42550209769536,0,98.25129342445638,0,1,0
49.43054376278933,27.822568147150783,56.06782949389499,1,110.96639255108997,0,0,1
53.07801768892059,32.565528990880416,62.842645661458704,1,118.99189142728977,0,1,1
32.89831607343375,28.702266612080415,68.86316293078755,1,98.81169637455012,0,0,1
36.518145778942866,33.694052404437514,25.327238352271507,1,137.11006629588525,0,1,1
57.43264094022715,33.07683742006527,0.9978776658449373,1,104.48469489070584,1,1,1
51.708654381279416,25.322806489777022,72.3443662354912,0,93.07146987986201,1,0,0
48.16016663647321,35.42991058087516,53.56565993475786,0,67.76865281794343,0,1,0
50.184339330653934,27.32018277442976,83.61177032072487,0,94.74680959367664,1,0,0
53.47581705361671,34.040288991405724,82.13883629006943,1,93.27226109177728,1,1,1
44.60240319690639,31.836436567006704,84.33261677878832,0,119.2060959256294,1,0,1
42.216952745976876,39.190918383975614,48.50946599795402,0,109.24967248133709,0,1,1
51.958452550976816,28.88267008814074,33.362839583686565,0,76.41261756734765,0,0,0
40.21627222384968,28.253416019409013,79.155820259137,1,103.44508772822076,1,0,1
54.082527557144715,29.902901970561338,45.12941130292549,1,113.43062343458107,0,0,1
32.9741639576216,28.484101085828623,18.34421964034345,0,130.56062718775667,0,1,1
60.29155637325644,33.99970950971025,85.49740195614743,1,117.75007934828119,1,1,1
54.72597482413043,21.91844695781706,88.25598767723473,0,115.21693308622956,1,0,0
52.56029734313876,24.73158790426823,46.63097561401701,0,101.20171989230327,0,0,0
59.82690983945514,24.660985392104035,7.569972730978747,0,107.76624010846899,1,0,0
66.65474444462576,34.751537959867875,38.782608991693124,0,124.99009801412318,1,1,0
60.1437006501813,38.553066862909624,80.35376594626034,1,73.344452050407,1,1,1
31.591257686683548,29.477753907312643,90.17740285462287,1,93.01121345566088,1,0,1
37.204230332642986,29.155891384049948,20.347274249759582,1,84.54862502487518,0,0,1
43.75181422304321,30.350260815565907,6.697361202527152,1,107.58306237452248,0,0,1
50.26091050210834,35.80939151304095,87.73504531328386,0,124.60444351301575,1,1,0
55.17659020469123,25.36323432904713,38.94049389788753,1,88.06051426557852,1,0,1
42.742561868465344,31.191844913673926,54.176096426756324,0,52.19391265061124,0,0,1
51.86766764477078,34.87598814891215,96.80658120507589,1,91.7555850995106,1,1,1
42.44617067646678,32.50547084969923,6.656472791422285,1,118.26947464034814,0,1,1
43.884821970080516,30.947908082993717,64.83180074520956,1,110.75259805899759,0,0,1
35.93338903151778,35.005230462835705,7.410542257486707,0,108.56372495621153,0,1,1
40.76766753889096,16.483838535003812,37.54689284665004,0,94.40013396251041,0,0,1
36.48315394383666,33.38937659765454,80.38145451934467,0,74.41938527560427,1,1,1
40.241267470226674,26.72962158436288,43.34722327556344,0,110.30588643248934,0,0,1
60.536417966078396,20.846835515717714,99.71823539029504,1,83.3143637993075,1,0,1
40.50601111168057,32.556012997624904,55.905928494660216,0,143.68193466760914,0,1,1
76.32382064837391,36.86829272581479,32.11621526359535,0,111.41014416709032,1,1,0
54.93317900880889,29.31275742686154,22.011132590475313,1,88.38703394892099,0,0,1
51.84836123694874,34.76437273601469,35.05205342861618,1,87.77229505222743,0,1,1
41.41642219818787,38.06139128994323,37.25332737595508,0,98.14111586772823,0,1,1
57.003098794089915,36.57457226792024,6.8713677723960975,1,95.209961559565,1,1,1
44.24362173762226,38.199822646856965,36.95741994267732,0,122.3366755105991,0,1,1
51.220098146453616,33.71063745535946,46.423851973922496,1,103.72832339488093,0,1,1
75.60084538268795,30.377168194507963,72.27377522388046,0,85.36736522182943,1,0,0
49.0394010027535,21.990170940514158,65.6729484721608,0,137.80881370311565,0,1,0
61.49273326285676,28.769687559350256,70.87656552291543,0,100.98616663040445,1,0,0
42.96823574874112,25.783767023419042,0.8363681876857099,0,115.37679351937794,0,0,1
49.65011509503038,40.85471358748907,21.766739958053606,0,87.83546985110482,0,1,0
67.7080063563551,29.120570937838316,66.16842883998565,1,107.26231255489047,1,0,1
43.730329422122324,30.61602403392243,48.398936817974715,0,106.2221998228639,0,0,1
68.12448557996929,32.75742688020234,0.5313475668345946,0,62.207014158076944,1,1,0
57.07751935455475,30.218012231862268,80.44946424318223,0,140.30550220921282,1,1,0
44.37533224105732,38.47525520215376,77.28095732903374,0,125.81288921845095,1,1,1
56.32407739055521,26.88675319132774,54.841916299356264,0,92.05609367708024,1,0,0
59.7255444962673,30.973037276186215,6.646332577627212,1,77.95460519088289,1,0,1
56.21809962217196,26.28764707150976,76.65150495325847,1,106.95123227607104,1,0,1
34.297752801095434,23.39988744389647,58.37135877313639,0,101.73395398828794,0,0,1
42.728628241751316,26.941154545473573,78.19599771579591,1,107.11337897126458,1,0,1
47.52481364448495,29.81481601475794,75.17469923958404,0,103.83154792388179,1,0,0
49.25566570899954,27.8534888774137,80.30020719578371,1,110.12481978611852,1,0,1
56.206720975506784,26.53789510063072,51.80080664046248,1,128.94611398783613,1,1,1
51.777010009332535,22.96841268164083,14.032451819351499,0,111.36206410257293,0,0,0
36.64655641289899,29.584472136856526,67.11574733796887,1,79.00689002180118,0,0,1
53.801978510059634,22.476398129844988,62.04737850519706,1,127.25125705424904,0,1,1
56.10585745283823,33.80027981844801,74.22531871990871,0,132.81229126976575,1,1,0
55.5979044793104,30.412198764672517,16.98810060507353,0,163.0411346902417,1,1,0
60.807807255546216,22.71224250267535,19.497519990028923,1,77.53011933520804,1,0,1
58.33922154548904,28.453954614750682,89.04095172193284,1,104.8576402630055,1,0,1
54.59180079228437,26.239217972047083,74.99777984520708,1,58.35802593622026,1,0,1
49.29834288541353,31.5958725520959,90.82284887003229,0,111.06298312758418,1,0,0
33.39039066484008,36.702252230115725,75.87153211639207,1,89.03599403666455,1,1,1
54.296182191325855,20.624137651771278,59.71553059903019,1,138.46891589649906,0,1,1
52.076876871631114,30.575130395737087,65.41327370278736,1,84.50770059962836,0,0,1
52.715788371953735,29.199336022166797,88.91279239400099,0,66.21633924065478,1,0,0
37.232514241796906,33.35670038225233,57.88067545119405,0,90.5747251859496,0,1,1
39.189434595917376,31.065983141188447,63.239132432838744,0,60.49024457565725,0,0,1
60.53152853332904,26.240153341305906,15.647671600360058,0,115.0219890901462,1,0,0
49.60444846143345,28.40473032166691,47.39212201161027,1,58.69833907487359,0,0,1
56.81500697372624,26.019870715982556,71.6397111958099,0,100.56915162366317,1,0,0
50.28318376130461,35.38003569299299,27.09426983163654,1,58.44376360287606,0,1,1
50.297561394957455,30.10655824335971,20.22541805245349,1,93.59404390926716,0,0,1
59.382838059759976,39.50595342876504,31.382680822441557,1,132.86756311609068,1,1,1
44.83955271782626,29.696695930926897,24.150062799283344,1,107.2129578287159,0,0,1
50.96120776940983,26.457966165447687,21.491263703639586,0,82.73012790070132,0,0,0
45.377247112949576,22.431428036935863,42.48508428680869,0,99.37593022121833,0,0,0
45.65503772567684,20.984301618720274,90.78385138835341,0,100.36033744088893,1,0,0
46.908278765313604,22.079320284972553,50.705964673871826,0,109.45260691686812,0,0,0
52.22133771633713,31.335633255057417,18.792038081532304,0,72.66283273438347,0,0,0
45.212513783365225,32.54362511614967,7.697166938087408,1,111.85134547694662,0,1,1
62.55756125573521,22.094046489839332,69.61561451379252,0,45.9121673679445,1,0,0
41.05392697780496,34.475191570380574,38.279876443638784,0,87.40230895272379,0,1,1
48.13128355838641,27.5846947415828,82.18309465853592,0,90.23452315096911,1,0,0
45.60268941725825,30.733965059927748,65.95107686407702,0,112.66653652142477,0,0,0
64.46977884353733,38.06110314127712,79.62414505413685,1,100.45261705353738,1,1,1
51.965547765115744,34.48419657932766,27.194603941844875,1,71.88873892287427,0,1,1
60.31844539468635,28.657346760470837,69.2358922461058,1,80.3001374836597,1,0,1
35.14439626963028,25.544038872923565,26.406198469371876,1,103.97360019094813,0,0,1
52.67050265869259,19.240922993353475,93.90684794502916,1,98.41865316270888,1,0,1
58.89630795623437,26.4042334037879,63.63742815333744,0,88.41751780728507,1,0,0
50.82283989275424,28.944348805861527,32.451180017534206,1,90.38332420976042,0,0,1
60.654803750653514,25.06410236424408,26.951186229227265,1,113.92335994318577,1,0,1
44.82711549899628,29.343715164538477,19.09265850716435,1,89.6461485426157,0,0,1
64.0934744018558,30.384259414793842,69.46409588937279,0,98.23817511941853,1,0,0
72.9889812361925,28.875720090959607,21.87156129979273,0,143.39873176161086,1,1,0
46.37161439560341,26.7499870958827,59.53032659274891,1,71.52634726232154,0,0,1
45.54497478599228,30.84327335983364,26.463502692535734,0,62.96314536850683,0,0,0
64.533844771177,32.209703247847045,66.19689447938686,0,115.67179329597214,1,1,0
65.79572145730712,24.548004612785768,81.49397285405392,1,86.42713877411794,1,0,1
44.771399728467316,37.054661898731354,77.80252431446532,0,93.6352494451476,1,1,1
45.798131829041424,29.507059338578692,76.08513309307817,0,84.37687243737771,1,0,0
47.18215391139493,30.094248114724238,18.772240569225207,0,94.80399718464975,0,0,0
36.555494889657226,33.541072116282784,8.838494698451871,1,131.97076224192682,0,1,1
40.81348053515802,31.166080656317508,69.89488284873856,1,116.04256917236239,0,0,1
39.95859233247932,34.76568316956622,36.83472137943513,1,117.24447023773953,0,1,1
42.32202434895871,31.43562082600912,43.23462264033473,0,71.67545888414709,0,0,1
49.65315112613219,26.93781312679781,3.1149092793391064,1,76.97692526894261,0,0,1
52.342147325365204,31.80751762603051,25.95764492750492,0,43.21842681029146,0,0,0
65.50500492814076,24.28136896339669,3.3676403874464023,0,83.81238357834492,1,0,0
40.016459592612094,30.542798528882617,87.91857726012476,0,119.13406372771317,1,0,1
59.843223984765835,29.833850046777695,24.339668321853047,1,110.33893031496741,1,0,1
47.86011155774491,28.959415713637302,55.73371695730081,1,95.56973474095753,0,0,1
49.50536290347567,29.357312442805345,3.897932066113041,1,99.55399432563894,0,0,1
56.74819492166604,20.590754772511804,66.6847391305658,1,86.22228914849188,1,0,1
38.772779784377015,27.256375461295193,32.30273457540939,0,104.09517764803569,0,0,1
53.82409746184051,30.464224505705573,89.79191869576658,1,115.3175655896123,1,0,1
51.66452208213056,30.799281959987002,88.81181889340358,0,67.68226425179054,1,0,0
54.92451264008149,24.86162429537021,32.529061836174776,1,105.99295375674696,0,0,1
52.89168643907818,36.328539204323505,90.09608956904678,1,118.64869741909334,1,1,1
74.55300139910895,25.669125758927496,99.61576734987788,1,91.69799422073261,1,0,1
43.62260015748684,34.84728600263368,82.5415664123948,0,114.01401224241167,1,1,1
44.690030449981826,32.13597180935842,84.4871347755229,0,156.29308888945104,1,1,1
43.76859473575236,26.768863450780984,24.90087361090899,0,97.91314414026216,0,0,1
44.44522880839745,38.87655446304756,57.67023988577563,0,107.86614100010647,0,1,1
43.62612872693482,24.0318158412176,6.725591396736785,0,85.23885832677217,0,0,1
61.89016531107552,34.59577086805001,9.491793682166971,1,103.625023252041,1,1,1
64.20504247989855,35.00291159021489,99.88926120332906,0,109.20543249964608,1,1,0
44.29253706250524,26.646898954616777,32.663924942591095,0,103.89684680540276,0,0,1
41.67644426895771,36.962326500321645,74.81839120488463,0,79.60609360582286,1,1,1
54.71415556386404,28.749767427005235,80.66650530268164,0,104.12723542650902,1,0,0
44.477769557190285,31.443468146399287,85.80232710072292,1,129.24391877435272,1,1,1
56.32931817755511,31.301609193856102,99.76282974021565,0,108.97271529029055,1,0,0
52.029230208513,29.32845629264726,24.149648525686786,1,119.23974378143683,0,0,1
34.84255885002768,34.05404136579891,4.035082685969971,1,95.25976059974745,0,1,1
65.47505201330061,33.967443602761065,41.1191517994586,1,114.9980047884742,1,1,1
67.95877673095522,21.257340133809095,13.008066982894695,0,105.58535676433051,1,0,0
43.87211309515614,36.52170121439076,2.2425889162055124,1,80.98178540625536,0,1,1
46.122984400640156,21.68754005982163,36.04268271414861,0,106.3704200959775,0,0,0
52.85865390724905,35.16273102170829,78.37382510752364,0,80.1660667311938,1,1,0
53.34456789987025,35.633525684137915,56.61806912250709,0,87.34239450230416,0,1,0
56.5854427267283,24.54516784892401,31.277798921035405,0,103.78656614584749,1,0,0
70.1020453876635,27.945928560227077,65.43420054927196,0,105.94488546760248,1,0,0
48.2305277250595,24.47147665757032,23.20181803088107,1,76.21535069845741,0,0,1
42.01702755461546,28.925394848556323,1.4381446072085025,1,121.07971542365752,0,1,1
36.20680771985473,28.459828579071292,76.43533864364274,0,111.44012556600946,1,0,1
42.69069960058081,33.8983026613467,62.374308486400906,1,85.90543128778232,0,1,1
49.66873027126203,36.55154373059804,76.23026245009599,0,69.24830407101649,1,1,0
67.94557863517788,36.97841905394978,3.893801668766561,1,97.10190841837138,1,1,1
44.823887009638284,27.18915986710849,83.71196278306522,1,91.08112572277679,1,0,1
52.237879516388986,28.95389063127736,61.95262000363033,1,102.26280914106046,0,0,1
49.83577103927248,21.58280903889525,56.33953507126401,1,92.73766677688867,0,0,1
61.88393273448084,25.970649667519055,62.46140481145316,1,59.85086278509981,1,0,1
75.26932425873622,34.82425816548729,86.4433246868364,0,92.23306123397683,1,1,0
44.69131227079679,38.07791411774116,58.69365065589071,0,93.88761777863374,0,1,1
45.10560557481778,23.82825564060039,58.095037988817936,1,112.67322049548117,0,0,1
60.44160877069072,27.037678704235528,99.06791570657658,0,86.036006507779,1,0,0
56.81891489626312,29.867971215205365,75.6730167068568,1,133.57349346745133,1,1,1
68.46707325736034,31.400805794098034,44.22938054511353,0,61.76718898696486,1,0,0
55.839281853259635,25.95198240039177,70.73970000329277,1,126.22334995605249,1,1,1
46.40707909212941,32.12030522232045,38.92304716917885,1,95.51362058243791,0,1,1
55.90654830692309,27.63080326464542,22.8875462483499,1,117.19169744687113,1,0,1
61.087035805829075,29.927738645608603,59.68518768877594,0,101.59602968117466,1,0,0
58.204821811973645,32.7314212400185,92.81820981139515,0,122.79111072050938,1,1,0
55.07274031107298,30.032111349054688,92.91395200154628,1,92.25276070894378,1,0,1
60.666746895891535,27.818070547367157,34.19052781054903,1,78.02759149644376,1,0,1
61.692955904456724,29.451950980370846,52.7677466221695,0,128.41008574542127,1,1,0
63.82158991037527,29.558185203973323,21.16358985698612,0,97.73038708235718,1,0,0
56.48709887589643,28.14994485058936,99.56311094988834,0,104.43116947248421,1,0,0
48.328819196831454,28.706019686664487,98.11179078679358,0,124.6950382808959,1,1,0
51.46713686433323,37.99323585252358,64.95089297074473,0,79.3608951581113,0,1,0
62.06508966508357,32.8045972397062,80.44140596774734,1,111.90981795278515,1,1,1
41.83064329012764,28.522598409854197,71.51001612837,0,88.20210487074218,1,0,1
53.686733088729014,33.48477202255368,59.31582190394682,1,97.35661288711256,0,1,1
46.06661187672639,28.33090255121995,5.3347996988897695,1,101.44557930768578,0,0,1
50.28744822934817,35.86562318793321,45.476434255266106,0,69.99556277106129,0,1,0
62.78451862607299,31.84821096099047,67.47863021674105,0,84.42325914359131,1,0,0
51.910990680199035,29.463489279978855,67.75316138836847,1,127.02145784826278,0,1,1
50.46436548156149,32.23858462905139,37.31226184223836,0,117.72382377169592,0,1,0
36.40143859020081,22.145619239657503,94.16919866580305,1,98.7472084534553,1,0,1
57.46253566027221,24.366162655450974,16.7357032236781,0,104.86246917025787,1,0,0
56.45484181141075,24.030374968004722,50.03594462155606,0,94.11514988727085,1,0,0
71.6325472330546,30.714715473818533,69.08839765508228,0,127.13166771655963,1,1,0
46.92221765046999,38.66257499742546,69.71358058918092,1,95.99294844411672,0,1,1
52.19150327663939,41.15650073096316,64.86389567688155,0,104.63684184269697,0,1,0
52.49383683710755,33.19025550720379,27.528821345186017,1,122.92060288284131,0,1,1
65.77453279763475,32.50422237472228,15.620656868662197,0,84.45257030308187,1,1,0
49.047044676130476,20.994711329236303,63.594032682671084,1,131.17578368993787,0,1,1
52.790215257703395,27.28663100132989,59.930211613943776,0,69.39077180513246,0,0,0
56.078965097165394,26.061081240458805,17.935601028924097,1,132.59284262225597,1,1,1
51.86609123156358,26.89576200874442,70.51391455705634,1,92.5464883209605,1,0,1
45.535663854494715,29.159280907076052,45.51719917336564,1,95.14602504349436,0,0,1
51.94089992898308,27.639547111514364,66.7760591603153,1,62.19979657634114,0,0,1
60.73631749859772,20.10350094812106,83.73670797701507,1,90.90410565244615,1,0,1
39.7348470058894,33.73955128058767,16.972842857692317,1,79.20386937946232,0,1,1
51.32969674146876,24.636284871300965,1.9144867996836679,0,87.84707309253055,0,0,0
42.99879185060827,31.196234320555746,77.91025863957867,1,97.2537806842224,1,0,1
61.950466289248425,40.370413348749864,60.96974251526159,1,119.15583228945812,1,1,1
34.76813095216225,25.403077042067885,69.96395696221217,1,104.15206702801251,0,0,1
44.410781527284115,17.348562386268352,83.81549749886426,0,106.15353306802228,1,0,1
53.772118750645205,28.569978890599447,80.28109348245005,0,78.08961222308875,1,0,0
65.65524029234341,35.50479817499286,96.09201469288247,0,82.38491820794539,1,1,0
49.34249738927012,39.79173727110297,53.59350788521182,1,135.97450036702622,0,1,1
44.44800473306802,23.852252027737915,48.84956326599054,0,85.29597930473507,0,0,1
68.8115706944059,32.48349611618261,40.18871998907301,0,133.12416504114591,1,1,0
35.51986099583756,27.673447716099734,15.369104284420454,1,95.13877602238267,0,0,1
28.011940433799182,29.47025822847932,57.26072328820224,1,100.04575872287008,0,0,1
54.40014450053332,43.221716735085174,27.70125243259788,0,121.40730320459859,0,1,0
44.97945775647389,22.485148358024233,92.13075122129754,1,125.43784843877313,1,1,1
39.787671828692865,31.268698307472867,58.31908042770976,1,97.78374879441824,0,0,1
57.08356447299353,32.33846585882716,59.284018050811014,1,92.23513892956922,1,1,1
52.43800713771199,35.42893162469674,35.492466087701004,1,98.88159102955574,0,1,1
44.359213692632714,30.48991576735448,5.198935197770749,0,106.75915056464237,0,0,1
37.19695601329106,31.54025269752051,3.174376537298862,1,117.8260737373951,0,0,1
58.724573282801444,28.041757162891045,42.33351441531975,0,100.08459717988303,1,0,0
56.50201177958661,31.345634706225535,8.456537809723786,0,112.37772596046307,1,0,0
49.00824136220617,28.28403862251295,60.68469555401391,0,132.7671946454188,0,1,0
68.46636996047665,33.107859449280255,88.09730056396575,0,107.6261922452957,1,1,0
39.29915233673847,28.15194831978183,88.29148165187222,1,106.23305712009557,1,0,1
34.74474829075261,31.885501969510933,65.90454101322324,1,69.62178349819865,0,0,1
43.080919301187556,29.853685931575107,21.1231831472931,1,47.38539726341873,0,0,1
49.54413983644502,35.63025125386084,86.29968313588721,0,107.76751458460336,1,1,0
52.43339449322692,29.74303138205757,88.60934353132082,0,98.10351537438255,1,0,0
47.5876394214367,21.134837658965594,19.66535849529587,0,89.70434650170516,0,0,0
53.520553965142966,36.30960750356996,73.74260857706773,1,104.87060408372689,1,1,1
37.48460575809556,25.471338495686904,28.651954892712293,0,98.79192541606183,0,0,1
64.4376460407326,26.7311683067559,80.26403123529296,1,122.55560501267797,1,1,1
49.178488216074314,27.02169352978254,99.72378999036027,1,101.72221736517956,1,0,1
61.172958315881274,36.87219046585409,3.0026005329392813,1,85.06153429859665,1,1,1
53.42725346377704,19.32162893010652,89.73658657909318,1,119.80332477918577,1,0,1
54.567532191537836,45.688742668299966,62.26305335986581,0,95.65737850107595,0,1,0
55.69767280232204,35.28028404533026,97.33826191648211,1,110.53073367344615,1,1,1
54.47708560017315,31.1161945706458,46.50095175264276,0,90.45178587614399,0,0,0
56.42722759867544,29.725529996918567,84.73879305713737,1,87.00346229005127,1,0,1
63.29152530132431,31.427770374288286,6.239406859827723,0,101.68336460371393,1,0,0
51.9652116970147,32.60561214189669,33.527905007829574,0,100.2565728708737,0,1,0
57.09003757588512,33.22607792975028,6.701653775120997,1,109.59654070733666,1,1,1
49.102643057127736,32.778022330017244,97.53431334790706,1,94.62708493380515,1,1,1
64.40117215449473,30.447903406276243,81.69739072718367,1,63.27280432459205,1,0,1
43.2360769794073,29.01330789846337,85.25474212459704,0,91.34452232823223,1,0,1
68.00940432910815,29.243633581732443,93.79652314338942,1,115.87636934287632,1,0,1
49.59842049355657,29.025458598236597,8.510348611978536,1,94.05247841513787,0,0,1
35.69224897881952,35.66885048433532,38.55975925133334,0,95.07233194970904,0,1,1
51.28104414910789,32.96778361140431,7.103488904400212,1,119.72753011811875,0,1,1
43.18948342525119,15.298056826678598,21.07931015500286,0,85.76053545482155,0,0,1
58.406435489887244,33.279503882648804,22.936577703767234,1,69.14393563514201,1,1,1
43.47376020697609,30.973680973593876,46.91072110475787,0,96.78737760949011,0,0,1
45.538165667852205,29.90645621777051,26.856216745364257,0,90.31652097502526,0,0,0
31.104592690544692,28.05740773455557,10.09781068177611,1,80.67507360493492,0,0,1
45.47693680750923,35.620563599930065,16.749108909410772,0,96.49243088202618,0,1,0
25.761206733710434,34.73763231061429,14.727556355209092,1,109.83011294493568,0,1,1
34.16097176514277,26.135611660881956,97.30767979122983,1,99.81422876864369,1,0,1
57.604146561442974,32.03526143562267,75.92925069184736,0,106.13962145372476,1,1,0
57.85800158650832,25.14171632729357,96.7761465269562,1,136.26815397030845,1,1,1
54.254575617849646,23.101909176055347,43.974048650790856,0,93.14242276884872,0,0,0
40.33023856870787,26.866413877050174,27.83684816626566,0,105.56697269289339,0,0,1
49.5228864385802,34.311967361913794,79.82931972091866,0,89.81573274801731,1,1,0
49.963974609094315,34.76562522688043,32.62539180411468,0,83.07280560226054,0,1,0
38.416353108074574,32.56542710048647,29.93833737053483,0,88.3018469316446,0,1,1
65.0339830176715,33.625478934239986,23.25059922078312,0,90.42482856956623,1,1,0
58.77362290575671,32.58089143557479,12.967897822423534,0,107.1895159509425,1,1,0
47.79035826170336,26.792592023885238,25.646306101676597,0,146.98151573401515,0,1,0
50.26885838994531,32.159612723369705,35.53197484738877,1,85.6791312744832,0,1,1
52.08382807947552,34.00204762613841,67.39942081457303,1,91.66749388769075,0,1,1
29.582651315757094,33.77145664906787,6.256484221945158,0,98.73753973777504,0,1,1
47.52822617479403,35.94456685737322,21.050693966534297,1,107.91597697419495,0,1,1
43.180157520022014,33.54151923600532,80.90236402916764,1,105.2710162390957,1,1,1
39.983799901050844,31.757241037707914,14.692192358377076,1,125.68191587896234,0,1,1
47.18899707114045,35.350751191582134,34.26451465225215,1,51.47215858929584,0,1,1
67.97686526849523,29.8673937037547,86.46589218581401,1,52.26140259608655,1,0,1
56.4084286126701,25.59062674386141,15.492531114344265,1,90.08243655979702,1,0,1
44.28821010217203,29.18466518028118,8.27368356181899,0,121.94600375087418,0,1,1
55.72582781356159,26.275486775967757,48.45379950800108,1,68.68703936788808,1,0,1
